Workbook

Sheet 1凭证
A1: 账簿 | B1: 日期 | C1: 会计年度 | D1: 期间 | E1: 凭证字 | F1: 凭证号 | G1: 摘要 | H1: 科目编码 | I1: 币别 | J1: 借方金额 | K1: 贷方金额 | L1: 核算维度.项目.名称 | M1: 核算维度.供应商.名称 | N1: 核算维度.客户.名称 | O1: 核算维度.银行.名称 | P1: 核算维度.部门.名称 | Q1: 费用科目 | R1: 对比费用科目不一致，对比部门异常
B2: 2025/1/7 | C2: 2025 | D2: 1 | E2: 付 | F2: 1 | G2: 计提折旧 | H2: 6601 | I2: 人民币 | J2: 1455.37 | P2: 折旧费-PMC
B3: 2025/1/7 | C3: 2025 | D3: 1 | E3: 付 | F3: 1 | G3: 计提折旧 | H3: 6601 | I3: 人民币 | J3: 600 | P3: 折旧费-PMC
B4: 2025/1/7 | C4: 2025 | D4: 1 | E4: 付 | F4: 2 | G4: 计提折旧 | H4: 6601 | I4: 人民币 | J4: 1185.21 | P4: 折旧费-PMC | Q4: =VLOOKUP(#REF!,[1]匹配部门!C:D,2,0) -> #REF! | R4: =Q4=#REF! -> #REF!
B5: 2025/1/7 | C5: 2025 | D5: 1 | E5: 付 | F5: 2 | G5: 计提折旧 | H5: 6601 | I5: 人民币 | J5: 600 | P5: 折旧费-PMC | Q5: =VLOOKUP(#REF!,[1]匹配部门!C:D,2,0) -> #REF! | R5: =Q5=#REF! -> #REF!
B6: 2025/1/7 | C6: 2025 | D6: 1 | E6: 付 | F6: 3 | G6: 计提折旧 | H6: 6601 | I6: 人民币 | J6: 2737.13 | P6: 折旧费-PMC | Q6: =VLOOKUP(#REF!,[1]匹配部门!C:D,2,0) -> #REF! | R6: =Q6=#REF! -> #REF!
B7: 2025/1/7 | C7: 2025 | D7: 1 | E7: 付 | F7: 3 | G7: 计提折旧 | H7: 6601 | I7: 人民币 | J7: 850 | P7: 折旧费-PMC | Q7: =VLOOKUP(#REF!,[1]匹配部门!C:D,2,0) -> #REF! | R7: =Q7=#REF! -> #REF!
B8: 2025/1/7 | C8: 2025 | D8: 1 | E8: 付 | F8: 4 | G8: 计提折旧 | H8: 6601 | I8: 人民币 | J8: 1310.56 | P8: 折旧费-PMC | Q8: =VLOOKUP(#REF!,[1]匹配部门!C:D,2,0) -> #REF! | R8: =Q8=#REF! -> #REF!
B9: 2025/1/7 | C9: 2025 | D9: 1 | E9: 付 | F9: 4 | G9: 计提折旧 | H9: 6601 | I9: 人民币 | J9: 500 | P9: 折旧费-PMC | Q9: =VLOOKUP(#REF!,[1]匹配部门!C:D,2,0) -> #REF! | R9: =Q9=#REF! -> #REF!
B10: 2025/1/7 | C10: 2025 | D10: 1 | E10: 付 | F10: 5 | G10: 计提折旧 | H10: 6601 | I10: 人民币 | J10: 763.46 | P10: 折旧费-PMC | Q10: =VLOOKUP(#REF!,[1]匹配部门!C:D,2,0) -> #REF! | R10: =Q10=#REF! -> #REF!
B11: 2025/1/7 | C11: 2025 | D11: 1 | E11: 付 | F11: 6 | G11: 计提折旧 | H11: 6601 | I11: 人民币 | J11: 3707.05 | P11: 折旧费-PMC | Q11: =VLOOKUP(#REF!,[1]匹配部门!C:D,2,0) -> #REF! | R11: =Q11=#REF! -> #REF!
B12: 2025/1/7 | C12: 2025 | D12: 1 | E12: 付 | F12: 6 | G12: 计提折旧 | H12: 6601 | I12: 人民币 | J12: 1750 | P12: 折旧费-PMC | Q12: =VLOOKUP(#REF!,[1]匹配部门!C:D,2,0) -> #REF! | R12: =Q12=#REF! -> #REF!
B13: 2025/1/7 | C13: 2025 | D13: 1 | E13: 付 | F13: 7 | G13: 计提折旧 | H13: 6601 | I13: 人民币 | J13: 440.89 | P13: 折旧费-PMC | Q13: =VLOOKUP(#REF!,[1]匹配部门!C:D,2,0) -> #REF! | R13: =Q13=#REF! -> #REF!
B14: 2025/1/7 | C14: 2025 | D14: 1 | E14: 付 | F14: 8 | G14: 计提折旧 | H14: 6601 | I14: 人民币 | J14: 1112.31 | P14: 折旧费-PMC | Q14: =VLOOKUP(#REF!,[1]匹配部门!C:D,2,0) -> #REF! | R14: =Q14=#REF! -> #REF!
B15: 2025/1/7 | C15: 2025 | D15: 1 | E15: 付 | F15: 9 | G15: 计提折旧 | H15: 6601 | I15: 人民币 | J15: 527.23 | P15: 折旧费-PMC | Q15: =VLOOKUP(#REF!,[1]匹配部门!C:D,2,0) -> #REF! | R15: =Q15=#REF! -> #REF!
... B22: 2025/1/7 | C22: 2025 | D22: 1 | E22: 付 | F22: 13 | G22: 计提折旧 | H22: 6601 | I22: 人民币 | J22: 40 | P22: 折旧费-PMC | Q22: =VLOOKUP(#REF!,[1]匹配部门!C:D,2,0) -> #REF! | R22: =Q22=#REF! -> #REF!
A23: b表格
